analysis_id,article_id,title,source,url,published_at,ticker,company_name,sector,event_type,sentiment,sentiment_score,sentiment_direction,impact_level,confidence,recent_return_1d,historical_volatility,volume_norm,market_trend,start_close_price,return_1d_pct,label_1d,return_3d_pct,label_3d,return_5d_pct,label_5d
732c94e2-c8ac-473d-ae44-90fa55368493,8411af44096e658b,"Evercore ISI Adjusts Regions Financial Price Target to $27 From $31, Maintains Underperform Rating",marketscreener.com,https://www.marketscreener.com/news/evercore-isi-adjusts-regions-financial-price-target-to-27-from-31-maintains-underperform-rating-ce785ad3d189f024,2026-10-01,HDFCBANK.NS,HDFC Bank Ltd,Banking & Finance,ANALYST_SENTIMENT,Positive,0.252,UP,MEDIUM,62.2,1.7638,1.3645,1.3169,-2.78,,,UNLABELED,,UNLABELED,,UNLABELED
32f4998b-98d1-4775-9bf4-b12b9d03af32,5f0566c85b5c6b4f,"Baird Adjusts Price Target on Expeditors International of Washington to $200 From $190, Keeps Neutral Rating",www.marketscreener.com,https://www.marketscreener.com/news/baird-adjusts-price-target-on-expeditors-international-of-washington-to-200-from-190-keeps-neutra-ce785ad3d189f224,2026-10-01,DELHIVERY.NS,Delhivery Ltd,Logistics & Supply Chain,SUPPLY_CHAIN,Positive,0.273,UP,MEDIUM,64.9,-100.0,21.7126,0.511,-2.78,,,UNLABELED,,UNLABELED,,UNLABELED
b3bc73dd-9f0b-4126-a6e0-4feeab6efdf7,7faf1c947a3431c0,"This luxury homebuilder's stock is too cheap to pass up, Morgan Stanley says",CNBC,https://www.cnbc.com/2026/10/01/this-luxury-homebuilders-stock-is-too-cheap-morgan-stanley-says.html,2026-10-01,NTPC.NS,NTPC Ltd,Power & Utilities,ANALYST_SENTIMENT,Positive,0.202,UP,MEDIUM,62.0,-2.3703,0.9187,1.4034,-2.78,,,UNLABELED,,UNLABELED,,UNLABELED
66f40864-3438-41ec-8085-53dc69556c5c,d10bb0c8bb7b8017,"BMO Capital Adjusts Price Target on Cincinnati Financial to $200 From $198, Keeps Outperform Rating",marketscreener.com,https://www.marketscreener.com/news/bmo-capital-adjusts-price-target-on-cincinnati-financial-to-200-from-198-keeps-outperform-rating-ce785ad3de80f123,2026-10-01,BAJAJFINSV.NS,Bajaj Finserv Ltd,Banking & Finance,ANALYST_SENTIMENT,Positive,0.92,UP,HIGH,78.9,0.0924,1.3316,3.0358,-2.78,,,UNLABELED,,UNLABELED,,UNLABELED
ef706225-42a5-4086-b9d9-a82e815ed5ed,5ed2eb74a811049e,"Ladenburg Thalmann Adjusts Price Target on DTE Energy to $135.50 From $153, Keeps Buy Rating",www.marketscreener.com,https://www.marketscreener.com/news/ladenburg-thalmann-adjusts-price-target-on-dte-energy-to-135-50-from-153-keeps-buy-rating-ce785ad3de80f525,2026-10-01,GAIL.NS,GAIL (India) Ltd,Energy & Utilities,ANALYST_SENTIMENT,Positive,0.896,UP,HIGH,78.3,0.3928,0.7622,1.1054,-2.78,,,UNLABELED,,UNLABELED,,UNLABELED
6acf1c32-76e1-4853-951a-e151ae27c3ec,fcc0ebf482e8c392,McCormick Posts Lower Profit on Higher Sales,WSJ,https://www.wsj.com/business/retail/mccormick-posts-lower-profit-on-higher-sales-edb1b56d,2026-10-01,HINDUNILVR.NS,Hindustan Unilever Ltd,Consumer Goods (FMCG),OTHER,Positive,0.82,UP,HIGH,72.8,-2.2936,1.0954,1.0519,-2.78,,,UNLABELED,,UNLABELED,,UNLABELED
e0775e7b-7407-42bb-9318-311f2bc8b91a,d39ef9c257016a3a,"Selebi Main resource estimate grows 72%, now holds 495,400 tonnes copper and 316,800 tonnes nickel",Pluang,https://pluang.com/en/news-feed/nexmetals-laporkan-peningkatan-72-persen-sumber-daya-mineral-selebi-main,2026-10-01,HINDALCO.NS,Hindalco Industries Ltd,Metals & Mining,ANALYST_SENTIMENT,Positive,0.875,UP,HIGH,77.8,0.0053,1.4871,1.6122,-2.78,,,UNLABELED,,UNLABELED,,UNLABELED
dc616c9b-efd9-4b73-bdfd-9499474965c6,888a1080e4455043,"2026 The Most Powerful Women in Banking, #2, Gunjan Kedia, U.S Bancorp",American Banker,https://www.americanbanker.com/news/2026-the-most-powerful-women-in-banking-2-gunjan-kedia-u-s-bancorp,2026-10-01,HDFCBANK.NS,HDFC Bank Ltd,Banking & Finance,REGULATORY_ACTION,Positive,0.952,UP,HIGH,84.1,1.7638,1.3645,1.3169,-2.78,,,UNLABELED,,UNLABELED,,UNLABELED
b9db239f-3de9-462d-b4c7-ebd94772d640,3ec15195dba0a630,"NexMetals Mining Corp.: NexMetals Reports 72% Increase in Selebi Main Mineral Resource of 32.47 Mt @ 1.53% Cu, 0.98% Ni Inferred, Selebi North Mineral Resource Estimate Pending",FinanzNachrichten.de,https://www.finanznachrichten.de/nachrichten-2026-10/69729732-nexmetals-mining-corp-nexmetals-reports-72-increase-in-selebi-main-mineral-resource-of-32-47-mt-a-1-53-cu-0-98-ni-inferred-selebi-north-mineral-296.htm,2026-10-01,HINDALCO.NS,Hindalco Industries Ltd,Metals & Mining,OTHER,Positive,0.735,UP,HIGH,70.7,0.0053,1.4871,1.6122,-2.78,,,UNLABELED,,UNLABELED,,UNLABELED
0c33dbee-b735-467a-8d64-06c60402d304,b5ec01ca4c7b2b9a,Some 2027 Medicare plans add $0 in-network lab tests through Humana,Stock Titan,https://www.stocktitan.net/news/HUM/humana-maintains-affordable-medicare-advantage-plans-and-expands-pz7gmxrwv7cu.html,2026-10-01,APOLLOHOSP.NS,Apollo Hospitals Enterprise Ltd,Healthcare & Hospitals,OTHER,Positive,0.939,UP,HIGH,75.8,-0.3919,1.7352,2.1508,-2.78,,,UNLABELED,,UNLABELED,,UNLABELED
f547f386-3c54-4a9a-8f50-70366f50d771,01fe66b20c6582b6,"2026 The Most Powerful Women in Banking, #15, Kate Danella, Regions Financial",American Banker,https://www.americanbanker.com/news/2026-the-most-powerful-women-in-banking-15-kate-danella-regions-financial,2026-10-01,HDFCBANK.NS,HDFC Bank Ltd,Banking & Finance,OTHER,Positive,0.956,UP,HIGH,76.2,1.7638,1.3645,1.3169,-2.78,,,UNLABELED,,UNLABELED,,UNLABELED
08f6d184-5ff8-4d19-863d-a1efb5ac4144,6c4cc65c7ed417c3,Why Is Constellation Energy Stock Trading Higher Today? - Constellation Energy (NASDAQ:CEG),Benzinga,https://www.benzinga.com/trading-ideas/movers/26/10/62100792/constellation-energy-amazon-lock-20-year-nuclear-power-purchase-agreement-stock-soars,2026-10-01,LT.NS,Larsen & Toubro Ltd,Engineering & Construction,GLOBAL_MARKETS,Positive,0.981,UP,HIGH,81.5,-1.7713,1.1811,1.4463,-2.78,,,UNLABELED,,UNLABELED,,UNLABELED
70d3b7d0-084c-43de-ba62-4e2853bd6b9b,2b2a7621737e946b,"JPMorgan Adjusts Price Target on Brown & Brown to $83 From $80, Maintains Neutral Rating",www.marketscreener.com,https://www.marketscreener.com/news/jpmorgan-adjusts-price-target-on-brown-brown-to-83-from-80-maintains-neutral-rating-ce785ad3de8ff526,2026-10-01,BAJAJFINSV.NS,Bajaj Finserv Ltd,Banking & Finance,ANALYST_SENTIMENT,Positive,0.557,UP,HIGH,69.8,0.0924,1.3316,3.0358,-2.78,,,UNLABELED,,UNLABELED,,UNLABELED
d38e0b8c-ae61-4b9b-9da6-09f0e6f88324,54a54c7f67e1833a,Goldman Sachs Adds Huntington Ingalls Industries (HII) to US Conviction List Amid Navy Shipbuilding Focus,GuruFocus,https://www.gurufocus.com/news/9105210/goldman-sachs-adds-huntington-ingalls-industries-hii-to-us-conviction-list-amid-navy-shipbuilding-focus,2026-10-01,HAL.NS,Hindustan Aeronautics Ltd,Aerospace & Defense,ANALYST_SENTIMENT,Positive,0.527,UP,MEDIUM,69.1,-1.4353,1.8731,0.8676,-2.78,,,UNLABELED,,UNLABELED,,UNLABELED
1b357de2-6655-4f3f-ac15-1d1f45edfdd3,47507c8e05b424e8,"RBC Raises Price Target on Skyworks Solutions to $95 From $70, Keeps Sector Perform Rating",marketscreener.com,https://www.marketscreener.com/news/rbc-raises-price-target-on-skyworks-solutions-to-95-from-70-keeps-sector-perform-rating-ce785ad3de8df02d,2026-10-01,BSE.NS,BSE Ltd,Capital Markets,EARNINGS,Positive,0.637,UP,HIGH,78.4,-1.4877,2.1522,1.1734,-2.78,,,UNLABELED,,UNLABELED,,UNLABELED
154a5f4e-63f9-4b1c-bfa2-f52259b81f37,e80a84d83351b3df,"2026 The Most Powerful Women in Banking NEXT, #1, Ambreen Sayed, Morgan Stanley",American Banker,https://www.americanbanker.com/news/2026-the-most-powerful-women-in-banking-next-1-ambreen-sayed-morgan-stanley,2026-10-01,PAYTM.NS,One97 Communications Ltd (Paytm),Fintech,EARNINGS,Positive,0.922,UP,HIGH,85.6,-1.3111,2.6554,0.4536,-2.78,,,UNLABELED,,UNLABELED,,UNLABELED
87e01c9c-f794-4174-b97b-174c70dc0ceb,7b0e6b3a8c5ae868,"JPMorgan Adjusts Price Target on EOG Resources to $164 From $151, Maintains Neutral Rating",marketscreener.com,https://www.marketscreener.com/news/jpmorgan-adjusts-price-target-on-eog-resources-to-164-from-151-maintains-neutral-rating-ce785ad3de88fe25,2026-10-01,GAIL.NS,GAIL (India) Ltd,Energy & Utilities,ANALYST_SENTIMENT,Positive,0.612,UP,HIGH,71.2,0.3928,0.7622,1.1054,-2.78,,,UNLABELED,,UNLABELED,,UNLABELED
7dce8881-088b-43b6-901a-9a4018e1ac1e,856643b9410a31a6,KBR Publicly Files Form 10 Registration Statement for Planned Spin-off Company Trinzic,The Manila Times,https://www.manilatimes.net/2026/10/01/tmt-newswire/globenewswire/kbr-publicly-files-form-10-registration-statement-for-planned-spin-off-company-trinzic/2436666,2026-10-01,HAL.NS,Hindustan Aeronautics Ltd,Aerospace & Defense,REGULATORY_ACTION,Positive,0.649,UP,HIGH,76.5,-1.4353,1.8731,0.8676,-2.78,,,UNLABELED,,UNLABELED,,UNLABELED
a236aa9b-9181-48df-ba90-eb1e56feadc7,dbaaad02ed0b575d,"Bajaj Finance to raise Rs 17,500 cr via QIP, pref issue",Economic Times Stocks,https://economictimes.indiatimes.com/markets/stocks/news/bajaj-finance-to-raise-rs-17500-cr-via-qip-pref-issue/articleshow/134632864.cms,2026-10-02,BAJFINANCE.NS,Bajaj Finance Ltd,Banking & Finance,GEOPOLITICAL,Positive,0.813,UP,HIGH,82.8,-1.157,1.8994,0.9532,-2.78,,,UNLABELED,,UNLABELED,,UNLABELED
6d4100c9-f685-4f39-a00b-fa5ee4985395,a4857c76a8317c81,Jefferies is bullish on 6 healthcare stocks with upside potential of up to 46%. Own any?,Economic Times Markets,https://economictimes.indiatimes.com/markets/stocks/news/jefferies-is-bullish-on-6-healthcare-stocks-with-upside-potential-of-up-to-46-own-any/slideshow/134632465.cms,2026-10-02,APOLLOHOSP.NS,Apollo Hospitals Enterprise Ltd,Healthcare & Hospitals,ANALYST_SENTIMENT,Positive,0.791,UP,HIGH,75.7,-0.3919,1.7352,2.1508,-2.78,,,UNLABELED,,UNLABELED,,UNLABELED
f403c267-f44b-415c-aa6d-5f464d032826,68f0e5fd88ed33cf,"Market crash wipes out Rs 26 lakh cr in 8 weeks! Why soaring bond yields may hurt Sensex, Nifty more than elevated oil prices",Economic Times Markets,https://economictimes.indiatimes.com/markets/stocks/news/market-crash-wipes-out-rs-26-lakh-cr-in-8-weeks-why-soaring-bond-yields-may-hurt-sensex-nifty-more-than-elevated-oil-prices/articleshow/134632014.cms,2026-10-02,BZ=F,Brent Crude Oil Impact (OMCs & Trade Deficit),Commodities & Energy Shock,RBI_ANNOUNCEMENT,Positive,0.757,UP,HIGH,83.6,-0.6646,2.5778,0.0863,-2.78,,,UNLABELED,,UNLABELED,,UNLABELED
a56e142a-7073-41d1-8c83-93faa528ae45,49a81942f5399e93,Gold price today: Precious metal slips ahead of US Jobs data; MCX closed for Gandhi Jayanti,Economic Times Markets,https://economictimes.indiatimes.com/markets/commodities/news/gold-price-today-precious-metal-slips-ahead-of-us-jobs-data-mcx-closed-for-gandhi-jayanti/articleshow/134631649.cms,2026-10-02,MCX.NS,Multi Commodity Exchange of India Ltd,Capital Markets,GOLD,Positive,0.599,UP,HIGH,72.0,-2.9209,1.9555,1.0888,-2.78,,,UNLABELED,,UNLABELED,,UNLABELED
a95330c7-c772-49ef-a73a-573032b65bed,c9c035f675bb5df5,MPC set to begin rate hike cycle with at least 25 bps repo hike: SBI Economists,thehindubusinessline.com,https://www.thehindubusinessline.com/economy/mpc-set-to-begin-rate-hike-cycle-with-at-least-25-bps-repo-hike-sbi-economists/article71535727.ece,2026-10-02,^NSEI,Reserve Bank of India (RBI Monetary Policy),Macro & Monetary Policy (RBI),RBI_ANNOUNCEMENT,Negative,-0.273,DOWN,HIGH,71.5,-0.8775,0.6319,1.5562,-2.78,,,UNLABELED,,UNLABELED,,UNLABELED
7fee40e3-d9e1-4be0-aa95-49f17b38368b,4e75398c4c2daa8f,Bank of Baroda incorporates pension fund subsidiary,thehindubusinessline.com,https://www.thehindubusinessline.com/money-and-banking/bank-of-baroda-incorporates-pension-fund-subsidiary/article71534432.ece,2026-10-02,BANKBARODA.NS,Bank of Baroda,Banking & Finance,REGULATORY_ACTION,Positive,0.296,UP,HIGH,67.7,0.1171,1.1806,1.3624,-2.78,,,UNLABELED,,UNLABELED,,UNLABELED
e4760e9c-0d72-4964-bdf1-0ce9c0bc46f9,5895a67a75465297,Nifty valuations near post-Covid lows. Alchemy Capital’s Alok Agarwal explains what investors should buy now,Economic Times Markets,https://economictimes.indiatimes.com/markets/expert-view/nifty-valuations-near-post-covid-lows-alchemy-capitals-alok-agarwal-explains-what-investors-should-buy-now/articleshow/134631194.cms,2026-10-02,APOLLOHOSP.NS,Apollo Hospitals Enterprise Ltd,Healthcare & Hospitals,FII_DII,Positive,0.813,UP,HIGH,78.4,-0.3919,1.7352,2.1508,-2.78,,,UNLABELED,,UNLABELED,,UNLABELED
61806401-576c-4a22-a815-212b28de9b2a,3e22ceb8c12eea63,US Treasury yield hits the Highest Since 2002 at 5.34%,Economic Times Markets,https://economictimes.indiatimes.com/markets/bonds/us-treasury-yield-hits-the-highest-since-2002-at-5-34/articleshow/134631069.cms,2026-10-02,BZ=F,Brent Crude Oil Impact (OMCs & Trade Deficit),Commodities & Energy Shock,INTEREST_RATE,Negative,0.681,DOWN,HIGH,80.6,-0.6646,2.5778,0.0863,-2.78,,,UNLABELED,,UNLABELED,,UNLABELED
db36e32c-1a1b-4fea-90ff-8cdd6f67ca72,d726f0e4b107b972,US Treasury yield hits the highest since 2002 at 5.34%,Economic Times Markets,https://economictimes.indiatimes.com/markets/bonds/us-treasury-yield-hits-the-highest-since-2002-at-5-34/articleshow/134631069.cms,2026-10-02,BZ=F,Brent Crude Oil Impact (OMCs & Trade Deficit),Commodities & Energy Shock,INTEREST_RATE,Negative,0.681,DOWN,HIGH,80.6,-0.6646,2.5778,0.0863,-2.78,,,UNLABELED,,UNLABELED,,UNLABELED
075cda64-8a46-4691-bec3-4fac1a285460,b561cbfa1b551a2d,D-Street logs longest spell of week slump in 25 years,Economic Times Markets,https://economictimes.indiatimes.com/markets/stocks/news/d-street-logs-longest-spell-of-week-slump-in-25-years/articleshow/134630946.cms,2026-10-02,BZ=F,Brent Crude Oil Impact (OMCs & Trade Deficit),Commodities & Energy Shock,CRUDE_OIL,Positive,0.686,UP,HIGH,78.6,-0.6646,2.5778,0.0863,-2.78,,,UNLABELED,,UNLABELED,,UNLABELED
19c4f0c3-dcdc-4cee-9cce-6070162d28f1,0939b19a72450301,Sri Lotus shares rally 29% in a month. Can luxury and redevelopment sustain the momentum?,Economic Times Markets,https://economictimes.indiatimes.com/markets/stocks/news/sri-lotus-shares-rally-29-in-a-month-can-luxury-and-redevelopment-sustain-the-momentum/articleshow/134630924.cms,2026-10-02,^NSEI,Indian Equities Market Benchmark,Indian Equities,EARNINGS,Positive,0.984,UP,HIGH,87.1,-0.8775,0.6319,1.5562,-2.78,,,UNLABELED,,UNLABELED,,UNLABELED
658db663-dd12-423f-886c-bdabed3de24f,cd5f988a59354535,FPIs pull record Rs 3 lakh crore from Indian equities in 9 months. More pain ahead?,Economic Times Markets,https://economictimes.indiatimes.com/markets/stocks/news/fpis-pull-record-rs-3-lakh-crore-from-indian-equities-in-9-months-more-pain-ahead/articleshow/134630889.cms,2026-10-02,^NSEI,FII / DII Institutional Net Flows,Institutional Liquidity & Flows,GEOPOLITICAL,Negative,-0.38,DOWN,HIGH,72.0,-0.8775,0.6319,1.5562,-2.78,,,UNLABELED,,UNLABELED,,UNLABELED
e6aa08a8-4c92-4899-842d-7df5b172c132,b85cde772f6f78a8,"Vishakha Renewables files IPO papers, eyes Rs 1,250 crore",Economic Times Markets,https://economictimes.indiatimes.com/markets/ipos/fpos/vishakha-renewables-files-ipo-papers-eyes-rs-1250-crore/articleshow/134630791.cms,2026-10-02,ADANIENT.NS,Adani Enterprises Ltd,Metals & Mining / Conglomerate,IPO,Positive,0.847,UP,HIGH,78.2,-2.9827,2.4424,1.4096,-2.78,,,UNLABELED,,UNLABELED,,UNLABELED
22879d6d-3cd2-490e-adb1-0b17b1ec503c,b932c8d1f79028a9,"Rupee sinks to 96.31, logs biggest fall in over 2 months",Economic Times Markets,https://economictimes.indiatimes.com/markets/forex/forex-news/rupee-sinks-to-96-31-logs-biggest-fall-in-over-2-months/articleshow/134630728.cms,2026-10-02,INR=X,Indian Rupee (USD/INR Exchange Rate),Forex & Currency Valuation,CURRENCY,Positive,0.382,UP,MEDIUM,67.6,0.3887,0.3526,1.0,-2.78,,,UNLABELED,,UNLABELED,,UNLABELED
40955646-96c0-44ea-b286-358c397f1854,b5e6200df3d15dab,10-year bond yield breaches 7.20%; hits 2.5-year high,Economic Times Markets,https://economictimes.indiatimes.com/markets/bonds/10-year-bond-yield-breaches-7-20-hits-2-5-year-high/articleshow/134630646.cms,2026-10-02,^NSEI,Reserve Bank of India (RBI Monetary Policy),Macro & Monetary Policy (RBI),RBI_ANNOUNCEMENT,Negative,0.914,DOWN,HIGH,87.5,-0.8775,0.6319,1.5562,-2.78,,,UNLABELED,,UNLABELED,,UNLABELED
75e0460e-e081-447d-ad9b-da65b35adf93,a2f7130b6da17ac4,"Global Markets: Asian shares fall after wild swings in bonds, FX before US jobs data",Economic Times Markets,https://economictimes.indiatimes.com/markets/us-stocks/news/global-markets-asian-shares-fall-after-wild-swings-in-bonds-fx-before-us-jobs-data/articleshow/134630424.cms,2026-10-02,BZ=F,Brent Crude Oil Impact (OMCs & Trade Deficit),Commodities & Energy Shock,US_FEDERAL_RESERVE,Negative,-0.226,DOWN,HIGH,70.3,-0.6646,2.5778,0.0863,-2.78,,,UNLABELED,,UNLABELED,,UNLABELED
301a521c-913a-4ad1-b4e0-aebfa506df00,bdc9b327fdecdfca,"Oil prices edge higher, hover around $102 as US-Iran tensions, China fuel curbs support prices; MCX closed today",Economic Times Markets,https://economictimes.indiatimes.com/markets/commodities/news/oil-rises-slightly-as-market-weighs-mixed-supply-signals/articleshow/134630396.cms,2026-10-02,BZ=F,Brent Crude Oil Impact (OMCs & Trade Deficit),Commodities & Energy Shock,GEOPOLITICAL,Negative,-0.318,DOWN,HIGH,70.4,-0.6646,2.5778,0.0863,-2.78,,,UNLABELED,,UNLABELED,,UNLABELED
5c0870aa-bd5a-4deb-a87a-97fae315462b,9799246ce9cc9170,"Stock market holiday today: Are NSE, BSE closed for Gandhi Jayanti? Check 2026 holiday list",Economic Times Stocks,https://economictimes.indiatimes.com/markets/stocks/news/stock-market-holiday-today-are-nse-bse-closed-for-gandhi-jayanti-check-2026-holiday-list/articleshow/134630179.cms,2026-10-02,^BSESN,BSE SENSEX Index,Benchmark,ANALYST_SENTIMENT,Positive,0.296,UP,MEDIUM,63.3,-0.7872,0.664,2.5088,-2.78,,,UNLABELED,,UNLABELED,,UNLABELED
cb780f8e-93e5-41a4-8ac4-bc10f23c95d6,1b59cf239fa7b05f,Adani Group has Rs 2.6 lakh crore projects completed or under execution in Maharashtra: Pranav Adani,Economic Times Stocks,https://economictimes.indiatimes.com/markets/stocks/news/adani-group-has-rs-2-6-lakh-crore-projects-completed-or-under-execution-in-maharashtra-pranav-adani/articleshow/134622802.cms,2026-10-01,POWERGRID.NS,Power Grid Corporation of India,Power & Utilities,OTHER,Positive,0.459,UP,MEDIUM,63.8,-2.2841,1.391,1.1459,-2.78,,,UNLABELED,,UNLABELED,,UNLABELED
4bced552-2435-4280-b873-dd7786d772dc,8d9f540a44de232f,"Sebi revamps Document Number Verification System, adds subject matter as mandatory field",Economic Times Stocks,https://economictimes.indiatimes.com/markets/stocks/news/sebi-revamps-document-number-verification-system-adds-subject-matter-as-mandatory-field/articleshow/134621918.cms,2026-10-01,^NSEI,Securities and Exchange Board of India (SEBI),Regulatory & Market Oversight (SEBI),REGULATORY_ACTION,Positive,0.718,UP,HIGH,78.3,-0.8775,0.6319,1.5562,-2.78,,,UNLABELED,,UNLABELED,,UNLABELED
ef28564f-bd66-4583-b581-fa7a739f773c,6fa13104e91648bf,"RBI eases bank stake rules, allows one-time approval for MFs, insurers for holdings up to 10%",Economic Times Stocks,https://economictimes.indiatimes.com/markets/stocks/news/rbi-eases-bank-stake-rules-allows-one-time-approval-for-mfs-insurers-for-holdings-up-to-10/articleshow/134621230.cms,2026-10-01,^NSEI,Reserve Bank of India (RBI Monetary Policy),Macro & Monetary Policy (RBI),RBI_ANNOUNCEMENT,Positive,0.852,UP,HIGH,86.0,-0.8775,0.6319,1.5562,-2.78,,,UNLABELED,,UNLABELED,,UNLABELED
3d2f03d8-0aa1-4705-aad0-7ab809016330,1a70d9927f262448,Sebi asks stock brokers to display investor warnings on apps and websites,Economic Times Stocks,https://economictimes.indiatimes.com/markets/stocks/news/sebi-asks-stock-brokers-to-display-investor-warnings-on-apps-and-websites/articleshow/134620344.cms,2026-10-01,^NSEI,Securities and Exchange Board of India (SEBI),Regulatory & Market Oversight (SEBI),GEOPOLITICAL,Negative,-0.296,DOWN,HIGH,69.9,-0.8775,0.6319,1.5562,-2.78,,,UNLABELED,,UNLABELED,,UNLABELED
b164de34-d237-4070-98de-1b2298ce671e,fb60f4d74c238b16,Bharat Dynamics among 5 capital goods stocks that hit 52-week lows and slipped up to 17% in a month,Economic Times Stocks,https://economictimes.indiatimes.com/markets/stocks/news/bharat-dynamics-among-5-capital-goods-stocks-that-hit-52-week-lows-and-slipped-up-to-17-in-a-month/slideshow/134619866.cms,2026-10-01,^BSESN,BSE SENSEX Index,Benchmark,OTHER,Negative,-0.459,DOWN,MEDIUM,63.8,-0.7872,0.664,2.5088,-2.78,,,UNLABELED,,UNLABELED,,UNLABELED
6a84d65e-2d5c-49e6-9ee0-921128c1bf40,3d1d81a7e9e0e316,Global bond rout hoists benchmark Indian yield to mid-2024 high before RBI policy,Economic Times Markets,https://economictimes.indiatimes.com/markets/bonds/global-bond-rout-hoists-benchmark-indian-yield-to-mid-2024-high-before-rbi-policy/articleshow/134619359.cms,2026-10-01,^NSEI,Reserve Bank of India (RBI Monetary Policy),Macro & Monetary Policy (RBI),RBI_ANNOUNCEMENT,Negative,-0.026,DOWN,HIGH,63.9,-0.8775,0.6319,1.5562,-2.78,,,UNLABELED,,UNLABELED,,UNLABELED
4a50438e-d586-4d98-a4f6-b8ed4ca31804,20c469366d4d5555,Equities post eighth straight weekly loss as global headwinds intensify,thehindubusinessline.com,https://www.thehindubusinessline.com/markets/equities-post-eighth-straight-weekly-loss-as-global-headwinds-intensify/article71532691.ece,2026-10-01,PERSISTENT.NS,Persistent Systems Ltd,Information Technology,REGULATORY_ACTION,Neutral,-0.077,NEUTRAL,HIGH,62.0,1.667,1.4863,1.2656,-2.78,,,UNLABELED,,UNLABELED,,UNLABELED
4706476e-be7b-41d3-b0dc-e1d9eeb4df95,513cab67fb4e2566,"Infosys, Wipro ADRs soar up to 8% as strong Accenture earnings forecast lifts mood",Economic Times Markets,https://economictimes.indiatimes.com/markets/us-stocks/wall-street-guide/infosys-wipro-adrs-soar-up-to-8-as-strong-accenture-earnings-forecast-lifts-mood/articleshow/134617937.cms,2026-10-01,INFY.NS,Infosys Ltd,Information Technology,REVENUE,Positive,0.953,UP,HIGH,84.1,4.1143,1.9408,1.6392,-2.78,,,UNLABELED,,UNLABELED,,UNLABELED
700435b8-fb81-4191-8264-f6d6062b7cc8,9e3be1fb535e5ac5,"Market wrap: Infosys, HDFC Bank, Bajaj Auto, Maruti Suzuki among top gainers and losers on Nifty and Sensex on Thursday",Economic Times Markets,https://economictimes.indiatimes.com/markets/stocks/news/market-wrap-infosys-hdfc-bank-bajaj-auto-maruti-suzuki-among-top-gainers-and-losers-on-nifty-and-sensex-on-thursday/articleshow/134617786.cms,2026-10-01,MARUTI.NS,Maruti Suzuki India Ltd,Automobile,CRUDE_OIL,Negative,-0.494,DOWN,HIGH,73.7,-4.855,1.3403,2.3277,-2.78,,,UNLABELED,,UNLABELED,,UNLABELED
d707aeb3-7fec-4cfc-9748-c529aa8a8496,d4f2dd40694dcac3,Kotak warns small and midcap euphoria may turn sour as investors chase quick returns,Economic Times Markets,https://economictimes.indiatimes.com/markets/stocks/news/kotak-warns-small-and-midcap-euphoria-may-turn-sour-as-investors-chase-quick-returns/articleshow/134615987.cms,2026-10-01,KOTAKBANK.NS,Kotak Mahindra Bank Ltd,Banking & Finance,GEOPOLITICAL,Positive,0.945,UP,HIGH,86.1,0.3237,1.1149,4.7347,-2.78,,,UNLABELED,,UNLABELED,,UNLABELED
8efdc1de-a9a2-45e6-865d-ed069d111ff9,2a6940639a9ab4b9,10 microcap stocks slumped up to 32% in just one month. Were they in your portfolio?,Economic Times Markets,https://economictimes.indiatimes.com/markets/stocks/news/10-microcap-stocks-slipped-up-to-32-in-just-one-month-is-your-portfolio-hit/slideshow/134615866.cms,2026-10-01,^NSEI,NIFTY 50 Index,Benchmark,OTHER,Negative,-0.34,DOWN,MEDIUM,62.0,-0.8775,0.6319,1.5562,-2.78,,,UNLABELED,,UNLABELED,,UNLABELED
415e7ef8-6616-4d80-885a-6919aaaeb612,a404bccd0311775b,"Rupee drops to two-month low as global bond rout deepens, oil jumps",Economic Times Markets,https://economictimes.indiatimes.com/markets/forex/forex-news/rupee-drops-to-two-month-low-as-global-bond-rout-deepens-oil-jumps/articleshow/134615636.cms,2026-10-01,^NSEI,FII / DII Institutional Net Flows,Institutional Liquidity & Flows,INTEREST_RATE,Negative,-0.586,DOWN,HIGH,78.2,-0.8775,0.6319,1.5562,-2.78,,,UNLABELED,,UNLABELED,,UNLABELED
16dbfa06-1d2a-4afb-8c6d-624e0d2252f5,2a7674eb233f816e,"AMC stocks face rough waters; Kotak sees selective opportunities in SBI, HDFC AMC",Economic Times Markets,https://economictimes.indiatimes.com/markets/stocks/news/amc-stocks-face-rough-waters-kotak-sees-selective-opportunities-in-sbi-hdfc-amc/articleshow/134614886.cms,2026-10-01,RELIANCE.NS,Reliance Industries Ltd,Energy & Petrochemicals,EARNINGS,Positive,0.958,UP,HIGH,86.4,-1.626,1.1491,1.4155,-2.78,,,UNLABELED,,UNLABELED,,UNLABELED
b74dad99-3adb-4d63-95b6-d593d39c76e2,252dcf1fbb9cd36e,"PB Fintech shares crash 50% from peak, fall below 2021 IPO price. More downside coming?",Economic Times Markets,https://economictimes.indiatimes.com/markets/stocks/news/pb-fintech-shares-crash-50-from-peak-fall-below-2021-ipo-price-more-downside-coming/articleshow/134614821.cms,2026-10-01,POLICYBZR.NS,PB Fintech Ltd (PolicyBazaar),Fintech / Insurance,ANALYST_SENTIMENT,Neutral,-0.11,NEUTRAL,MEDIUM,62.0,-7.8861,8.2357,1.9814,-2.78,,,UNLABELED,,UNLABELED,,UNLABELED
d1bdec97-3b9c-43f4-99df-af96e3ad9180,1d774d0ae6febc85,"FY27 comeback: India IPOs raise record Rs 94,000 crore in first half, average listing gain doubles",Economic Times Markets,https://economictimes.indiatimes.com/markets/ipos/fpos/fy27-comeback-india-ipos-raise-record-rs-94000-crore-in-first-half-average-listing-gain-doubles/articleshow/134614542.cms,2026-10-01,^NSEI,Indian Equities Market Benchmark,Indian Equities,IPO,Positive,0.96,UP,HIGH,81.0,-0.8775,0.6319,1.5562,-2.78,,,UNLABELED,,UNLABELED,,UNLABELED
8dd901f8-32f5-4c64-add4-fbc4959499eb,b473fa3c6d555fca,CEAT expands Chennai plant to make premium SUV and TBR tyres,thehindubusinessline.com,https://www.thehindubusinessline.com/companies/ceat-expands-chennai-plant-capabilities-to-strengthen-premium-tyre-business/article71532204.ece,2026-10-01,MRF.NS,MRF Ltd,Automobile Tyres,OTHER,Positive,0.599,UP,HIGH,67.3,-100.0,21.7591,1.1157,-2.78,,,UNLABELED,,UNLABELED,,UNLABELED
a057a4da-9249-4a21-9163-9cdcba3af34e,db7ff30cadf55c83,Global Market: European shares slide as surging bond yields hit risk appetite,Economic Times Markets,https://economictimes.indiatimes.com/markets/us-stocks/news/global-market-european-shares-slide-as-surging-bond-yields-hit-risk-appetite/articleshow/134614446.cms,2026-10-01,BZ=F,Brent Crude Oil Impact (OMCs & Trade Deficit),Commodities & Energy Shock,INTEREST_RATE,Positive,0.852,UP,HIGH,84.9,-1.1784,2.5699,1.1219,-2.78,102.30999755859375,-0.6646,Negative,,UNLABELED,,UNLABELED
21d3d9ba-aed0-4ed3-9329-afbc08e251ef,0dd15a140b36343a,Nifty 50 Index Hits Lowest Point Since April Amid Oil Price Surge,gurufocus.com,https://www.gurufocus.com/news/9105088/nifty-50-index-hits-lowest-point-since-april-amid-oil-price-surge,2026-10-01,^NSEI,NIFTY 50 Index,Benchmark,CRUDE_OIL,Positive,0.844,UP,HIGH,82.5,-0.8775,0.6319,1.5562,-2.78,,,UNLABELED,,UNLABELED,,UNLABELED
an_a2c8a1d0457ce03f,a2c8a1d0457ce03f,"Gas maker Inox Air Products files IPO papers with Sebi, public issue to entirely comprise OFS",Economic Times Markets,https://economictimes.indiatimes.com/markets/ipos/fpos/gas-maker-inox-air-products-files-ipo-papers-with-sebi-public-issue-to-entirely-comprise-ofs/articleshow/134614291.cms,2026-10-01,^NSEI,NIFTY 50 / Indian Equities,Macro/India,EARNINGS,Positive,0.695,UP,HIGH,82.0,-0.8775,0.6319,1.5562,-2.78,,,UNLABELED,,UNLABELED,,UNLABELED
3ad69f88-043a-4bff-8a42-a10d122e3431,edd9a6c37af6e261,"Why stock market was down today? Rs 6 lakh crore wiped out; Sensex, Nifty suffer worst losing streak in 25 years",timesofindia.indiatimes.com,https://timesofindia.indiatimes.com/business/india-business/why-is-sensex-crashing-rs-9-lakh-crore-wiped-out-as-dalal-street-heads-for-worst-week-in-25-years/articleshow/134613883.cms,2026-10-01,^NSEI,FII / DII Institutional Net Flows,Institutional Liquidity & Flows,CURRENCY,Negative,-0.977,DOWN,HIGH,82.5,-0.8775,0.6319,1.5562,-2.78,,,UNLABELED,,UNLABELED,,UNLABELED
an_653ecaab9064a8b1,653ecaab9064a8b1,"US 10-year yield at 24-year high rattles Nifty, rupee and bond markets. Why is India hit hard?",Economic Times Markets,https://economictimes.indiatimes.com/markets/stocks/news/us-10-year-yield-at-24-year-high-rattles-nifty-rupee-and-bond-markets-why-is-india-hit-hard/articleshow/134613973.cms,2026-10-01,^NSEI,NIFTY 50 Index,Macro/India,MONETARY_POLICY,Negative,-0.494,DOWN,HIGH,79.4,-0.8775,0.6319,1.5562,-2.78,,,UNLABELED,,UNLABELED,,UNLABELED
74809122-e43e-4959-bc49-ebeacc14bd0c,393d9c1f84f2d8cf,"US 10-year yield at 24-year high rattles Nifty, rupee and bond markets. Why is India hit hard?",Economic Times Markets,https://economictimes.indiatimes.com/markets/bonds/us-10-year-yield-at-24-year-high-rattles-nifty-rupee-and-bond-markets-why-is-india-hit-hard/articleshow/134614052.cms,2026-10-01,^NSEI,Reserve Bank of India (RBI Monetary Policy),Macro & Monetary Policy (RBI),RBI_ANNOUNCEMENT,Negative,-0.494,DOWN,HIGH,77.0,-0.8775,0.6319,1.5562,-2.78,,,UNLABELED,,UNLABELED,,UNLABELED
an_09d77326a683be2a,09d77326a683be2a,Tata Motors PV shares fall over 3% despite 40% Q2 sales growth; Nifty Auto index down over 4%,Economic Times Markets,https://economictimes.indiatimes.com/markets/stocks/news/tata-motors-pv-shares-fall-over-3-despite-40-q2-sales-growth-nifty-auto-index-down-over-4/articleshow/134613600.cms,2026-10-01,TATAMOTORS.NS,Tata Motors Ltd,Automotive,EARNINGS,Positive,0.941,UP,HIGH,88.1,0.0,2.0,1.0,-2.78,,,UNLABELED,,UNLABELED,,UNLABELED
an_f7487ac0343cb7be,f7487ac0343cb7be,"FOREX-Euro slides to 17-month low, hit by rates and inflation cocktail",Economic Times Markets,https://economictimes.indiatimes.com/markets/forex/forex-news/forex-euro-slides-to-17-month-low-hit-by-rates-and-inflation-cocktail/articleshow/134613639.cms,2026-10-01,^NSEI,NIFTY 50 Benchmark,Benchmark & Indian Equities,MONETARY_POLICY,Negative,-0.153,DOWN,HIGH,62.0,-0.8775,0.6319,1.5562,-2.78,,,UNLABELED,,UNLABELED,,UNLABELED
70dcc555-b59f-46cb-9f36-feca4ff7582d,019be8bac23076f0,"Stock Market Holiday: Are BSE, NSE open or closed for Gandhi Jayanti tomorrow? Check upcoming market holidays",Economic Times Stocks,https://economictimes.indiatimes.com/markets/stocks/news/stock-market-holiday-are-bse-nse-open-or-closed-for-gandhi-jayanti-tomorrow-check-upcoming-market-holidays/articleshow/134613448.cms,2026-10-01,MCX.NS,Multi Commodity Exchange of India Ltd,Capital Markets,OTHER,Positive,0.784,UP,HIGH,72.0,-2.9209,1.9555,1.0888,-2.78,,,UNLABELED,,UNLABELED,,UNLABELED
an_f058c7568de5cfad,f058c7568de5cfad,"India bonds slide as US Treasury rout, supply weigh",Economic Times Markets,https://economictimes.indiatimes.com/markets/bonds/india-bonds-slide-as-us-treasury-rout-supply-weigh/articleshow/134613344.cms,2026-10-01,^NSEI,NIFTY 50 / Indian Equities,Macro/India,MONETARY_POLICY,Negative,0.758,DOWN,HIGH,86.1,-0.8775,0.6319,1.5562,-2.78,,,UNLABELED,,UNLABELED,,UNLABELED
an_3b9a5252ca7bed2e,3b9a5252ca7bed2e,Two tractor stocks: Escorts Kubota shares fall 6%; VST Tillers shares rally 5% after September sales,Economic Times Markets,https://economictimes.indiatimes.com/markets/stocks/news/two-tractor-stocks-escorts-kubota-shares-fall-6-vst-tillers-shares-rally-5-after-september-sales/articleshow/134613134.cms,2026-10-01,^NSEI,NIFTY 50 Benchmark,Benchmark & Indian Equities,EARNINGS,Positive,0.959,UP,HIGH,88.6,-0.8775,0.6319,1.5562,-2.78,,,UNLABELED,,UNLABELED,,UNLABELED
an_329372a1eec30500,329372a1eec30500,"8 weeks, 2,000 points gone: Nifty’s longest losing streak in 25 years raises bear market fears",Economic Times Markets,https://economictimes.indiatimes.com/markets/stocks/news/8-weeks-2000-points-gone-niftys-longest-losing-streak-in-25-years-raises-bear-market-fears/articleshow/134612838.cms,2026-10-01,^NSEI,NIFTY 50 Index,Macro/India,GEOPOLITICAL_MACRO,Negative,-0.911,DOWN,HIGH,87.3,-0.8775,0.6319,1.5562,-2.78,,,UNLABELED,,UNLABELED,,UNLABELED
b5da26e5-947b-4798-9cea-8f7af11f9ece,118cd7fce090edcc,"8 weeks, 2,149 points gone: Nifty’s longest losing streak in 25 years raises bear market fears",Economic Times Stocks,https://economictimes.indiatimes.com/markets/stocks/news/8-weeks-2000-points-gone-niftys-longest-losing-streak-in-25-years-raises-bear-market-fears/articleshow/134612838.cms,2026-10-01,ONGC.NS,Oil & Natural Gas Corporation Ltd,Energy & Petrochemicals,GEOPOLITICAL,Negative,-0.948,DOWN,HIGH,86.2,-1.519,1.1854,1.3035,-2.78,,,UNLABELED,,UNLABELED,,UNLABELED
an_f4a209bb8d90f8ed,f4a209bb8d90f8ed,MTNL shares rally 17% as board approves Rs 892 crore Powai property sale amid debt worries,Economic Times Markets,https://economictimes.indiatimes.com/markets/stocks/news/mtnl-shares-rally-17-as-board-approves-rs-892-crore-powai-property-sale-amid-debt-worries/articleshow/134612668.cms,2026-10-01,^NSEI,NIFTY 50 Benchmark,Benchmark & Indian Equities,GENERAL_MARKET,Positive,0.832,UP,HIGH,72.8,-0.8775,0.6319,1.5562,-2.78,,,UNLABELED,,UNLABELED,,UNLABELED
an_f2ce4f1e76e11835,f2ce4f1e76e11835,Global markets defy bond turmoil as stocks stay near record highs,Economic Times Markets,https://economictimes.indiatimes.com/markets/us-stocks/wall-street-guide/global-markets-defy-bond-turmoil-as-stocks-stay-near-record-highs/articleshow/134612349.cms,2026-10-01,^NSEI,NIFTY 50 Benchmark,Benchmark & Indian Equities,EARNINGS,Positive,0.802,UP,HIGH,84.7,-0.8775,0.6319,1.5562,-2.78,,,UNLABELED,,UNLABELED,,UNLABELED
8bd63aad-bf2e-4297-a762-df31914a73f6,2246baa4949720a4,"RIL Q2 Results: Nuvama sees 17% EBITDA growth, led by O2C biz. Here’s what to expect",Economic Times Stocks,https://economictimes.indiatimes.com/markets/stocks/earnings/ril-q2-results-nuvama-sees-17-ebitda-growth-led-by-o2c-biz-heres-what-to-expect/articleshow/134612429.cms,2026-10-01,RELIANCE.NS,Reliance Industries Ltd,Energy & Petrochemicals,EARNINGS,Positive,0.891,UP,HIGH,84.8,-1.626,1.1491,1.4155,-2.78,,,UNLABELED,,UNLABELED,,UNLABELED
an_c55205dd0e30f7d7,c55205dd0e30f7d7,Moneyview Ltd. Share Price Today - Moneyview Ltd. Stock Price Live NSE/BSE - CNBC TV18,Google News India Finance,https://news.google.com/rss/articles/CBMifEFVX3lxTE50d2ZPOWJMcGZFVjVvWnlYeG9wMmoxRlNleEoyS2RwRDYyMHI5YmpnRndxdUpZendnamNEOUVDY2tzQzN2Zld4ZnY0bVJXVVRtcko3cVdlYUU0OUxJVXpzQmpKU1FLRng5eTVvYVBHNHgxU2t1bk40UjRhZno?oc=5,2026-10-01,^NSEI,NIFTY 50 Index,Macro/India,GENERAL_MARKET,Positive,0.527,UP,MEDIUM,65.2,-0.8775,0.6319,1.5562,-2.78,,,UNLABELED,,UNLABELED,,UNLABELED
an_e2b5e2868aedafe5,e2b5e2868aedafe5,"Moneyview Shares Makes Strong Debut, List With 64% Premium On NSE, BSE - Outlook Money",Google News India Finance,https://news.google.com/rss/articles/CBMilAFBVV95cUxOR3BJeWx2c0pZRjFVNTFnUTlsbWZFUWJUb3o2WmhoeF94eGtydlBKSHZXWjhTSHBQRm5HQ01abVVBYVFuSmE1ZjR0N29pSERFRzJaR2ZTNVRkZW5UUHJfRl9NRTdZVFJhVkdvaWtZQ003QnZBU3ZlRmJCR3FpaW0tTWtlbm5pRFBDYlJSOGpPa0t5S0xu0gGiAUFVX3lxTE5vWlJuRWVKeFZLM0NzRjFGcDRheU9EaW9fOVpHRlNocmZWa3U2Rzd4aVdXYXVCWTFscDdsbU9aakItVjkza2RuNE1Ca2VBVTNBelRFNS1ZbmIwU2U0cU94X2dyMTFIak4wQzNPbEg3X2stMU8zckMxblB3RDMwMzZTX1BFZWg5Nm95WU5iV3JWUnVSMlYwYUZjRFFBMmV5SWdjUQ?oc=5,2026-10-01,^NSEI,NIFTY 50 Index,Macro/India,GENERAL_MARKET,Positive,0.875,UP,HIGH,73.9,-0.8775,0.6319,1.5562,-2.78,,,UNLABELED,,UNLABELED,,UNLABELED
an_efd0ca2bcbc0a6bf,efd0ca2bcbc0a6bf,Moneyview Ltd Share Price Today – Live NSE/BSE - INDmoney,Google News India Finance,https://news.google.com/rss/articles/CBMiaEFVX3lxTE9yemRfWE82anpDTjJ5LXE1dTlKMW1QNGRRU1RVVEVkTHNsR0VYQmdvY3ZrMUJTNU5fOTZiZ1BPTlY0OFp1SVY0ZHVNZlpuMlZ3dXdVVkwtQ2dBLWtBZWh0UmFFRl81c0Zs?oc=5,2026-10-01,^NSEI,NIFTY 50 Index,Macro/India,GENERAL_MARKET,Positive,0.527,UP,MEDIUM,65.2,-0.8775,0.6319,1.5562,-2.78,,,UNLABELED,,UNLABELED,,UNLABELED
3c278c3f-2a4e-4ed3-858d-52583ee57e7d,d5d458db065a29e7,ICICI Prudential Life Insurance to focus on growing absolute VNB amid slump in FY24,Moneycontrol Business,https://www.moneycontrol.com/news/business/icici-prudential-life-insurance-to-focusgrowing-absolute-vnb-amid-slumpfy24_17532041.html,2024-04-23,BAJAJFINSV.NS,Bajaj Finserv Ltd,Banking & Finance,OTHER,Negative,-0.421,DOWN,MEDIUM,62.9,-0.5124,92.6645,0.7722,0.4288,1617.908447265625,0.5706,Positive,-1.4651,Negative,-1.5699,Negative
4c036aa5-bd99-4ee6-9896-846a4295c7ea,26752f0779de0118,"Tata Elxsi Q4 net profit, revenue decline QoQ; firm declares dividend of Rs 70 per share",Moneycontrol Business,https://www.moneycontrol.com/news/business/tata-elxsi-q4-net-profit-revenue-decline-qoq-firm-declares-dividendrs-70-per-share_17532061.html,2024-04-23,TATAELXSI.NS,Tata Elxsi Ltd,Information Technology,REVENUE,Positive,0.791,UP,HIGH,80.1,-0.5574,295.0416,0.574,0.4288,7114.30126953125,-4.9363,Negative,-3.9417,Negative,-3.9566,Negative
bc0373f1-b758-46a2-944b-195addbcb8da,5159549ee70cac15,"ICICI Pru Life Q4 net profit falls 26% to Rs 174 cr, insurer announces dividend",Moneycontrol Business,https://www.moneycontrol.com/news/business/icici-pru-life-q4-net-profit-falls-26-to-rs-174-cr-insurer-announces-dividend_17532101.html,2024-04-23,ICICIBANK.NS,ICICI Bank Ltd,Banking & Finance,EARNINGS,Positive,0.44,UP,HIGH,73.5,0.3313,75.2858,0.5585,0.4288,1063.699951171875,0.5962,Positive,1.6189,Positive,6.4114,Positive
766c5911-e430-4f6e-a218-535b75f4536b,79c0efcc7043caec,Cyient DLM#39;s profit after tax in FY24 surges 93%,Moneycontrol Business,https://www.moneycontrol.com/news/business/cyient-dlm39s-profit-after-taxfy24-surges-93_17532091.html,2024-04-23,^NSEI,Indian Equities Market Benchmark,Indian Equities,EARNINGS,Positive,0.772,UP,HIGH,81.8,0.1415,36.356,0.7713,0.4288,22368.0,0.1538,Neutral,0.2322,Neutral,1.2312,Positive
a967c7e9-acf4-406e-a428-76df979e1ae3,368f2324fa75e101,"Tata Consumer Q4 net profit falls 19% to Rs 217 cr, firm declares dividend of Rs 7.75 per share",Moneycontrol Business,https://www.moneycontrol.com/news/business/tata-consumer-q4-net-profit-falls-19-to-rs-217-cr-firm-declares-dividendrs-775-per-share_17532071.html,2024-04-23,TATACONSUM.NS,Tata Consumer Products Ltd,Consumer Goods (FMCG),EARNINGS,Positive,0.735,UP,HIGH,80.9,0.205,195.5383,0.7865,0.4288,1147.036865234375,-5.3863,Negative,-6.0255,Negative,-6.3792,Negative
35de76b5-b763-48e1-91f7-15df31149827,e7c6f87315d720bf,"Tata Consumer Q4 net profit falls 19% to Rs 217 cr, firm declares dividend of Rs 7.75 per share",Moneycontrol Business,https://www.moneycontrol.com/news/business/tata-consumer-q4-net-profit-falls-19-to-rs-217-cr-firm-declares-dividendrs-775-per-share_17532081.html,2024-04-23,TATACONSUM.NS,Tata Consumer Products Ltd,Consumer Goods (FMCG),EARNINGS,Positive,0.735,UP,HIGH,80.9,0.205,195.5383,0.7865,0.4288,1147.036865234375,-5.3863,Negative,-6.0255,Negative,-6.3792,Negative
7b3987df-3035-44f9-bf5b-e6d297d372b9,488dd0ef31924fb3,"Hindustan Unilever Q4 Preview: Price cuts, slow demand, regional competition to hurt topline",Moneycontrol Business,https://www.moneycontrol.com/news/business/hindustan-unilever-q4-preview-price-cuts-slow-demand-regional-competition-to-hurt-topline_17531901.html,2024-04-23,HINDUNILVR.NS,Hindustan Unilever Ltd,Consumer Goods (FMCG),EARNINGS,Negative,-0.784,DOWN,HIGH,82.1,0.948,45.7377,0.9397,0.4288,2153.0927734375,-0.1105,Neutral,-1.7722,Negative,-1.6197,Negative
38677883-aed9-44bd-b9f3-a89acd1ef71b,f999282d6c994ba9,LTIMindtree Q4 Preview: Lower pass-through revenue seen impacting growth marginally,Moneycontrol Business,https://www.moneycontrol.com/news/business/ltimindtree-q4-preview-lower-pass-through-revenue-seen-impacting-growth-marginally_17531881.html,2024-04-23,LTIM.NS,LTIMindtree Ltd,Information Technology,EARNINGS,Positive,0.511,UP,HIGH,75.3,0.0,2.0,1.0,0.4288,,,UNLABELED,,UNLABELED,,UNLABELED
7e8813dd-98e2-4177-ba40-55788394c391,a49f1452bd6e76fc,"Taking Stock: Market fails to hold on to day#39;s gains, ends marginally higher",Moneycontrol Market Reports,https://www.moneycontrol.com/news/local-markets/taking-stock-market-fails-to-holdto-day39s-gains-ends-marginally-higher_17531871.html,2024-04-23,MARUTI.NS,Maruti Suzuki India Ltd,Automobile,ANALYST_SENTIMENT,Negative,-0.273,DOWN,MEDIUM,62.7,1.6484,34.9365,0.6372,0.4288,12610.14453125,-0.4017,Neutral,-2.2537,Negative,-2.3576,Negative
fdb75100-d144-44ec-b40f-563b64edb98d,4a719cdfd3b3de23,"Sensex, Nifty gain for third day in a row; easing volatility to support bull trend",Moneycontrol Market Reports,https://www.moneycontrol.com/news/local-markets/sensex-nifty-gain-for-third-daya-row-easing-volatility-to-support-bull-trend_17531821.html,2024-04-23,^BSESN,BSE SENSEX Index,Benchmark,EARNINGS,Positive,0.927,UP,HIGH,85.7,0.122,37.5566,0.5012,0.4288,73738.453125,0.1553,Neutral,-0.0113,Neutral,1.265,Positive
2979babb-0665-4b05-8760-f2087747cbcd,cd2c587250f2fa5d,LT manufactures hydrotreating reactor for refinery in Mexico,Moneycontrol Business,https://www.moneycontrol.com/news/business/lt-manufactures-hydrotreating-reactor-for-refinerymexico_17531811.html,2024-04-23,IOC.NS,Indian Oil Corporation Ltd,Energy & Petrochemicals,EARNINGS,Neutral,0.0,NEUTRAL,HIGH,62.0,-1.6384,37.5364,0.9839,0.4288,149.99664306640625,0.3867,Neutral,2.0523,Positive,5.1457,Positive
6206206c-e7bd-469f-877c-763d5b218cc1,a31f3b11035446dc,Razorpay announces #39;UPI Switch#39; in partnership with Airtel Payments Bank,Moneycontrol Business,https://www.moneycontrol.com/news/business/razorpay-announces-39upi-switch39partnershipairtel-payments-bank_17531791.html,2024-04-23,BHARTIARTL.NS,Bharti Airtel Ltd,Telecommunications,REGULATORY_ACTION,Positive,0.813,UP,HIGH,80.6,3.4526,80.043,1.6975,0.4288,1307.3896484375,-0.4432,Neutral,-1.218,Negative,-0.7375,Negative
eeea26cb-38ba-45d4-98bf-9cc67d3bd82c,2222ef4e1a433915,"Juniper Green Energy, Tata Power sign PPA for 85 MW hybrid project in Maharashtra",Moneycontrol Business,https://www.moneycontrol.com/news/business/juniper-green-energy-tata-power-sign-ppa-for-85-mw-hybrid-projectmaharashtra_17531681.html,2024-04-23,NTPC.NS,NTPC Ltd,Power & Utilities,OTHER,Positive,0.751,UP,HIGH,71.1,1.2394,55.9227,0.8417,0.4288,327.4032287597656,1.2963,Positive,2.5493,Positive,4.5658,Positive
70dbe22a-3c12-454b-95c6-96efac8c82a1,5b516b2f8b16d459,"Juniper Green Energy, Tata Power sign PPA for 85 MW hybrid project in Maharashtra",Moneycontrol Business,https://www.moneycontrol.com/news/business/juniper-green-energy-tata-power-sign-ppa-for-85-mw-hybrid-projectmaharashtra_17531691.html,2024-04-23,NTPC.NS,NTPC Ltd,Power & Utilities,OTHER,Positive,0.751,UP,HIGH,71.1,1.2394,55.9227,0.8417,0.4288,327.4032287597656,1.2963,Positive,2.5493,Positive,4.5658,Positive
88c7dd68-4737-4e64-9de9-9966c65113e9,9d0f90af98c19c60,WeWork Global in talks to sell entire 27% stake in WeWork India,Moneycontrol Business,https://www.moneycontrol.com/news/business/wework-globaltalks-to-sell-entire-27-stakewework-india_17531651.html,2024-04-23,DLF.NS,DLF Ltd,Real Estate,ANALYST_SENTIMENT,Neutral,0.0,NEUTRAL,MEDIUM,62.0,2.3233,154.1309,0.6294,0.4288,862.9932250976562,0.9319,Positive,2.5699,Positive,0.096,Neutral
65a6294a-53d6-4ed7-902e-8f9afbcecd99,64a4353882c79196,"Mid-day Mood | Cooling volatility sparks market rally, India VIX sees steepest fall in 4 years",Moneycontrol Market Reports,https://www.moneycontrol.com/news/local-markets/mid-day-mood-|-cooling-volatility-sparks-market-rally-india-vix-sees-steepest-fall4-years_17531481.html,2024-04-23,^BSESN,BSE SENSEX Index,Benchmark,ANALYST_SENTIMENT,Positive,0.802,UP,HIGH,75.9,0.122,37.5566,0.5012,0.4288,73738.453125,0.1553,Neutral,-0.0113,Neutral,1.265,Positive
9e24e022-70ea-404c-93d9-d37f0361158b,45dff14b1bc46a72,"Sensex, Nifty extend gains to 3rd day, Q4 results to guide stock-specific action",Moneycontrol Market Reports,https://www.moneycontrol.com/news/local-markets/sensex-nifty-extend-gains-to-3rd-day-q4-results-to-guide-stock-specific-action_17530901.html,2024-04-23,^BSESN,BSE SENSEX Index,Benchmark,EARNINGS,Positive,0.7,UP,HIGH,80.0,0.122,37.5566,0.5012,0.4288,73738.453125,0.1553,Neutral,-0.0113,Neutral,1.265,Positive
an_c3e613ddbd5584d3,c3e613ddbd5584d3,Moneycontrol Exclusive: Govt plans overhaul of tax administration for smooth GST rollout,Moneycontrol Markets,http://www.moneycontrol.com/news/business/moneycontrol-exclusive-govt-plans-overhaultax-administration-for-smooth-gst-rollout_7578021.html,2016-10-05,^NSEI,NIFTY 50 Benchmark,Benchmark & Indian Equities,GENERAL_MARKET,Positive,0.477,UP,MEDIUM,63.9,-0.2874,0.9069,0.8305,-0.0137,8743.9501953125,-0.3934,Neutral,-0.402,Neutral,-0.402,Neutral
an_acc3fca23e1fa043,acc3fca23e1fa043,"Sensex, Nifty wobbly; Hind Zinc, SBI, Force Motors most active",Moneycontrol Markets,http://www.moneycontrol.com/news/local-markets/sensex-nifty-wobbly-hind-zinc-sbi-force-motors-most-active_7577801.html,2016-10-05,TATAMOTORS.NS,Tata Motors Ltd,Automotive,GENERAL_MARKET,Positive,0.751,UP,HIGH,70.8,0.0,2.0,1.0,-0.0137,,,UNLABELED,,UNLABELED,,UNLABELED
an_243f0e9037d317e2,243f0e9037d317e2,Bond bull market may pause but is far from over: Expert,Moneycontrol Markets,http://www.moneycontrol.com/news/economy/bond-bull-market-may-pauseis-farover-expert_7575741.html,2016-10-05,^NSEI,NIFTY 50 / Indian Equities,Macro/India,MONETARY_POLICY,Negative,-0.681,DOWN,HIGH,84.1,-0.2874,0.9069,0.8305,-0.0137,8743.9501953125,-0.3934,Neutral,-0.402,Neutral,-0.402,Neutral
an_fe76c65fdd919daf,fe76c65fdd919daf,Scope for meaningful rate cuts going ahead: Neelkanth Mishra,Moneycontrol Markets,http://www.moneycontrol.com/news/market-outlook/scope-for-meaningful-rate-cuts-going-ahead-neelkanth-mishra_7575461.html,2016-10-05,^NSEI,NIFTY 50 Benchmark,Benchmark & Indian Equities,MONETARY_POLICY,Positive,0.691,UP,HIGH,84.4,-0.2874,0.9069,0.8305,-0.0137,8743.9501953125,-0.3934,Neutral,-0.402,Neutral,-0.402,Neutral
an_422c98ba03869630,422c98ba03869630,Tech up to a healthier world,Moneycontrol Markets,http://www.moneycontrol.com/news/24x7booking/techtohealthier-world_7500201.html,2016-10-05,^NSEI,NIFTY 50 Benchmark,Benchmark & Indian Equities,PRODUCT_TECH,Negative,-0.276,DOWN,MEDIUM,66.4,-0.2874,0.9069,0.8305,-0.0137,8743.9501953125,-0.3934,Neutral,-0.402,Neutral,-0.402,Neutral
an_e5d40d6e001d37e7,e5d40d6e001d37e7,Steel stocks rally as govt extends MIP on 66 steel products,Moneycontrol Markets,http://www.moneycontrol.com/news/buzzing-stocks/steel-stocks-rally-as-govt-extends-mip66-steel-products_7578561.html,2016-10-05,^NSEI,NIFTY 50 Benchmark,Benchmark & Indian Equities,GENERAL_MARKET,Positive,0.844,UP,HIGH,73.1,-0.2874,0.9069,0.8305,-0.0137,8743.9501953125,-0.3934,Neutral,-0.402,Neutral,-0.402,Neutral
an_389b573a15b3483e,389b573a15b3483e,Endurance Technologies IPO opens: Should you subscribe?,Moneycontrol Markets,http://www.moneycontrol.com/news/ipo-tip/endurance-technologies-ipo-opens-should-you-subscribe_7575861.html,2016-10-05,^NSEI,NIFTY 50 Benchmark,Benchmark & Indian Equities,GENERAL_MARKET,Neutral,0.0,NEUTRAL,LOW,62.0,-0.2874,0.9069,0.8305,-0.0137,8743.9501953125,-0.3934,Neutral,-0.402,Neutral,-0.402,Neutral
